Dispense#,A or D,plate name,ADW_123,SOR_123,,plate type,well ,Source Well,volume,,Dispense#,A or D,plate name,ADW_123,SOR_123,,plate type,well ,Destination Well,volume,Transfer Volume
1,A,SetupPlate1,1,1,3,96 Well Microplate,20,D3,2,,1,D,Output1,2,2,3,96 Well Microplate,1,A1,2,25
2,A,SetupPlate1,1,1,3,96 Well Microplate,1,A1,2,,2,D,Output1,2,2,3,96 Well Microplate,1,A1,2,25
3,A,SetupPlate1,1,1,3,96 Well Microplate,9,A2,2,,3,D,Output1,2,2,3,96 Well Microplate,1,A1,2,25
4,A,SetupPlate1,1,1,3,96 Well Microplate,12,D2,2,,4,D,Output1,2,2,3,96 Well Microplate,1,A1,2,25
5,A,SetupPlate1,1,1,3,96 Well Microplate,16,H2,2,,5,D,Output1,2,2,3,96 Well Microplate,1,A1,2,25
6,A,SetupPlate1,1,1,3,96 Well Microplate,20,D3,2,,6,D,Output1,2,2,3,96 Well Microplate,2,B1,2,25
7,A,SetupPlate1,1,1,3,96 Well Microplate,1,A1,2,,7,D,Output1,2,2,3,96 Well Microplate,2,B1,2,25
8,A,SetupPlate1,1,1,3,96 Well Microplate,9,A2,2,,8,D,Output1,2,2,3,96 Well Microplate,2,B1,2,25
9,A,SetupPlate1,1,1,3,96 Well Microplate,13,E2,2,,9,D,Output1,2,2,3,96 Well Microplate,2,B1,2,25
10,A,SetupPlate1,1,1,3,96 Well Microplate,16,H2,2,,10,D,Output1,2,2,3,96 Well Microplate,2,B1,2,25
11,A,SetupPlate1,1,1,3,96 Well Microplate,20,D3,2,,11,D,Output1,2,2,3,96 Well Microplate,3,C1,2,25
12,A,SetupPlate1,1,1,3,96 Well Microplate,1,A1,2,,12,D,Output1,2,2,3,96 Well Microplate,3,C1,2,25
13,A,SetupPlate1,1,1,3,96 Well Microplate,9,A2,2,,13,D,Output1,2,2,3,96 Well Microplate,3,C1,2,25
14,A,SetupPlate1,1,1,3,96 Well Microplate,14,F2,2,,14,D,Output1,2,2,3,96 Well Microplate,3,C1,2,25
15,A,SetupPlate1,1,1,3,96 Well Microplate,16,H2,2,,15,D,Output1,2,2,3,96 Well Microplate,3,C1,2,25
16,A,SetupPlate1,1,1,3,96 Well Microplate,20,D3,2,,16,D,Output1,2,2,3,96 Well Microplate,4,D1,2,25
17,A,SetupPlate1,1,1,3,96 Well Microplate,1,A1,2,,17,D,Output1,2,2,3,96 Well Microplate,4,D1,2,25
18,A,SetupPlate1,1,1,3,96 Well Microplate,9,A2,2,,18,D,Output1,2,2,3,96 Well Microplate,4,D1,2,25
19,A,SetupPlate1,1,1,3,96 Well Microplate,15,G2,2,,19,D,Output1,2,2,3,96 Well Microplate,4,D1,2,25
20,A,SetupPlate1,1,1,3,96 Well Microplate,16,H2,2,,20,D,Output1,2,2,3,96 Well Microplate,4,D1,2,25
21,A,SetupPlate1,1,1,3,96 Well Microplate,20,D3,2,,21,D,Output1,2,2,3,96 Well Microplate,5,E1,2,25
22,A,SetupPlate1,1,1,3,96 Well Microplate,1,A1,2,,22,D,Output1,2,2,3,96 Well Microplate,5,E1,2,25
23,A,SetupPlate1,1,1,3,96 Well Microplate,10,B2,2,,23,D,Output1,2,2,3,96 Well Microplate,5,E1,2,25
24,A,SetupPlate1,1,1,3,96 Well Microplate,12,D2,2,,24,D,Output1,2,2,3,96 Well Microplate,5,E1,2,25
25,A,SetupPlate1,1,1,3,96 Well Microplate,16,H2,2,,25,D,Output1,2,2,3,96 Well Microplate,5,E1,2,25
26,A,SetupPlate1,1,1,3,96 Well Microplate,20,D3,2,,26,D,Output1,2,2,3,96 Well Microplate,6,F1,2,25
27,A,SetupPlate1,1,1,3,96 Well Microplate,1,A1,2,,27,D,Output1,2,2,3,96 Well Microplate,6,F1,2,25
28,A,SetupPlate1,1,1,3,96 Well Microplate,10,B2,2,,28,D,Output1,2,2,3,96 Well Microplate,6,F1,2,25
29,A,SetupPlate1,1,1,3,96 Well Microplate,13,E2,2,,29,D,Output1,2,2,3,96 Well Microplate,6,F1,2,25
30,A,SetupPlate1,1,1,3,96 Well Microplate,16,H2,2,,30,D,Output1,2,2,3,96 Well Microplate,6,F1,2,25
31,A,SetupPlate1,1,1,3,96 Well Microplate,20,D3,2,,31,D,Output1,2,2,3,96 Well Microplate,7,G1,2,25
32,A,SetupPlate1,1,1,3,96 Well Microplate,1,A1,2,,32,D,Output1,2,2,3,96 Well Microplate,7,G1,2,25
33,A,SetupPlate1,1,1,3,96 Well Microplate,10,B2,2,,33,D,Output1,2,2,3,96 Well Microplate,7,G1,2,25
34,A,SetupPlate1,1,1,3,96 Well Microplate,14,F2,2,,34,D,Output1,2,2,3,96 Well Microplate,7,G1,2,25
35,A,SetupPlate1,1,1,3,96 Well Microplate,16,H2,2,,35,D,Output1,2,2,3,96 Well Microplate,7,G1,2,25
36,A,SetupPlate1,1,1,3,96 Well Microplate,20,D3,2,,36,D,Output1,2,2,3,96 Well Microplate,8,H1,2,25
37,A,SetupPlate1,1,1,3,96 Well Microplate,1,A1,2,,37,D,Output1,2,2,3,96 Well Microplate,8,H1,2,25
38,A,SetupPlate1,1,1,3,96 Well Microplate,10,B2,2,,38,D,Output1,2,2,3,96 Well Microplate,8,H1,2,25
39,A,SetupPlate1,1,1,3,96 Well Microplate,15,G2,2,,39,D,Output1,2,2,3,96 Well Microplate,8,H1,2,25
40,A,SetupPlate1,1,1,3,96 Well Microplate,16,H2,2,,40,D,Output1,2,2,3,96 Well Microplate,8,H1,2,25
41,A,SetupPlate1,1,1,3,96 Well Microplate,20,D3,2,,41,D,Output1,2,2,3,96 Well Microplate,9,A2,2,25
42,A,SetupPlate1,1,1,3,96 Well Microplate,1,A1,2,,42,D,Output1,2,2,3,96 Well Microplate,9,A2,2,25
43,A,SetupPlate1,1,1,3,96 Well Microplate,11,C2,2,,43,D,Output1,2,2,3,96 Well Microplate,9,A2,2,25
44,A,SetupPlate1,1,1,3,96 Well Microplate,12,D2,2,,44,D,Output1,2,2,3,96 Well Microplate,9,A2,2,25
45,A,SetupPlate1,1,1,3,96 Well Microplate,16,H2,2,,45,D,Output1,2,2,3,96 Well Microplate,9,A2,2,25
46,A,SetupPlate1,1,1,3,96 Well Microplate,20,D3,2,,46,D,Output1,2,2,3,96 Well Microplate,10,B2,2,25
47,A,SetupPlate1,1,1,3,96 Well Microplate,1,A1,2,,47,D,Output1,2,2,3,96 Well Microplate,10,B2,2,25
48,A,SetupPlate1,1,1,3,96 Well Microplate,11,C2,2,,48,D,Output1,2,2,3,96 Well Microplate,10,B2,2,25
49,A,SetupPlate1,1,1,3,96 Well Microplate,13,E2,2,,49,D,Output1,2,2,3,96 Well Microplate,10,B2,2,25
50,A,SetupPlate1,1,1,3,96 Well Microplate,16,H2,2,,50,D,Output1,2,2,3,96 Well Microplate,10,B2,2,25
51,A,SetupPlate1,1,1,3,96 Well Microplate,20,D3,2,,51,D,Output1,2,2,3,96 Well Microplate,11,C2,2,25
52,A,SetupPlate1,1,1,3,96 Well Microplate,1,A1,2,,52,D,Output1,2,2,3,96 Well Microplate,11,C2,2,25
53,A,SetupPlate1,1,1,3,96 Well Microplate,11,C2,2,,53,D,Output1,2,2,3,96 Well Microplate,11,C2,2,25
54,A,SetupPlate1,1,1,3,96 Well Microplate,14,F2,2,,54,D,Output1,2,2,3,96 Well Microplate,11,C2,2,25
55,A,SetupPlate1,1,1,3,96 Well Microplate,16,H2,2,,55,D,Output1,2,2,3,96 Well Microplate,11,C2,2,25
56,A,SetupPlate1,1,1,3,96 Well Microplate,20,D3,2,,56,D,Output1,2,2,3,96 Well Microplate,12,D2,2,25
57,A,SetupPlate1,1,1,3,96 Well Microplate,1,A1,2,,57,D,Output1,2,2,3,96 Well Microplate,12,D2,2,25
58,A,SetupPlate1,1,1,3,96 Well Microplate,11,C2,2,,58,D,Output1,2,2,3,96 Well Microplate,12,D2,2,25
59,A,SetupPlate1,1,1,3,96 Well Microplate,15,G2,2,,59,D,Output1,2,2,3,96 Well Microplate,12,D2,2,25
60,A,SetupPlate1,1,1,3,96 Well Microplate,16,H2,2,,60,D,Output1,2,2,3,96 Well Microplate,12,D2,2,25
61,A,SetupPlate1,1,1,3,96 Well Microplate,20,D3,2,,61,D,Output1,2,2,3,96 Well Microplate,13,E2,2,25
62,A,SetupPlate1,1,1,3,96 Well Microplate,3,C1,2,,62,D,Output1,2,2,3,96 Well Microplate,13,E2,2,25
63,A,SetupPlate1,1,1,3,96 Well Microplate,9,A2,2,,63,D,Output1,2,2,3,96 Well Microplate,13,E2,2,25
64,A,SetupPlate1,1,1,3,96 Well Microplate,12,D2,2,,64,D,Output1,2,2,3,96 Well Microplate,13,E2,2,25
65,A,SetupPlate1,1,1,3,96 Well Microplate,16,H2,2,,65,D,Output1,2,2,3,96 Well Microplate,13,E2,2,25
66,A,SetupPlate1,1,1,3,96 Well Microplate,20,D3,2,,66,D,Output1,2,2,3,96 Well Microplate,14,F2,2,25
67,A,SetupPlate1,1,1,3,96 Well Microplate,3,C1,2,,67,D,Output1,2,2,3,96 Well Microplate,14,F2,2,25
68,A,SetupPlate1,1,1,3,96 Well Microplate,9,A2,2,,68,D,Output1,2,2,3,96 Well Microplate,14,F2,2,25
69,A,SetupPlate1,1,1,3,96 Well Microplate,13,E2,2,,69,D,Output1,2,2,3,96 Well Microplate,14,F2,2,25
70,A,SetupPlate1,1,1,3,96 Well Microplate,16,H2,2,,70,D,Output1,2,2,3,96 Well Microplate,14,F2,2,25
71,A,SetupPlate1,1,1,3,96 Well Microplate,20,D3,2,,71,D,Output1,2,2,3,96 Well Microplate,15,G2,2,25
72,A,SetupPlate1,1,1,3,96 Well Microplate,3,C1,2,,72,D,Output1,2,2,3,96 Well Microplate,15,G2,2,25
73,A,SetupPlate1,1,1,3,96 Well Microplate,9,A2,2,,73,D,Output1,2,2,3,96 Well Microplate,15,G2,2,25
74,A,SetupPlate1,1,1,3,96 Well Microplate,14,F2,2,,74,D,Output1,2,2,3,96 Well Microplate,15,G2,2,25
75,A,SetupPlate1,1,1,3,96 Well Microplate,16,H2,2,,75,D,Output1,2,2,3,96 Well Microplate,15,G2,2,25
76,A,SetupPlate1,1,1,3,96 Well Microplate,20,D3,2,,76,D,Output1,2,2,3,96 Well Microplate,16,H2,2,25
77,A,SetupPlate1,1,1,3,96 Well Microplate,3,C1,2,,77,D,Output1,2,2,3,96 Well Microplate,16,H2,2,25
78,A,SetupPlate1,1,1,3,96 Well Microplate,9,A2,2,,78,D,Output1,2,2,3,96 Well Microplate,16,H2,2,25
79,A,SetupPlate1,1,1,3,96 Well Microplate,15,G2,2,,79,D,Output1,2,2,3,96 Well Microplate,16,H2,2,25
80,A,SetupPlate1,1,1,3,96 Well Microplate,16,H2,2,,80,D,Output1,2,2,3,96 Well Microplate,16,H2,2,25
81,A,SetupPlate1,1,1,3,96 Well Microplate,20,D3,2,,81,D,Output1,2,2,3,96 Well Microplate,17,A3,2,25
82,A,SetupPlate1,1,1,3,96 Well Microplate,3,C1,2,,82,D,Output1,2,2,3,96 Well Microplate,17,A3,2,25
83,A,SetupPlate1,1,1,3,96 Well Microplate,10,B2,2,,83,D,Output1,2,2,3,96 Well Microplate,17,A3,2,25
84,A,SetupPlate1,1,1,3,96 Well Microplate,12,D2,2,,84,D,Output1,2,2,3,96 Well Microplate,17,A3,2,25
85,A,SetupPlate1,1,1,3,96 Well Microplate,16,H2,2,,85,D,Output1,2,2,3,96 Well Microplate,17,A3,2,25
86,A,SetupPlate1,1,1,3,96 Well Microplate,20,D3,2,,86,D,Output1,2,2,3,96 Well Microplate,18,B3,2,25
87,A,SetupPlate1,1,1,3,96 Well Microplate,3,C1,2,,87,D,Output1,2,2,3,96 Well Microplate,18,B3,2,25
88,A,SetupPlate1,1,1,3,96 Well Microplate,10,B2,2,,88,D,Output1,2,2,3,96 Well Microplate,18,B3,2,25
89,A,SetupPlate1,1,1,3,96 Well Microplate,13,E2,2,,89,D,Output1,2,2,3,96 Well Microplate,18,B3,2,25
90,A,SetupPlate1,1,1,3,96 Well Microplate,16,H2,2,,90,D,Output1,2,2,3,96 Well Microplate,18,B3,2,25
91,A,SetupPlate1,1,1,3,96 Well Microplate,20,D3,2,,91,D,Output1,2,2,3,96 Well Microplate,19,C3,2,25
92,A,SetupPlate1,1,1,3,96 Well Microplate,3,C1,2,,92,D,Output1,2,2,3,96 Well Microplate,19,C3,2,25
93,A,SetupPlate1,1,1,3,96 Well Microplate,10,B2,2,,93,D,Output1,2,2,3,96 Well Microplate,19,C3,2,25
94,A,SetupPlate1,1,1,3,96 Well Microplate,14,F2,2,,94,D,Output1,2,2,3,96 Well Microplate,19,C3,2,25
95,A,SetupPlate1,1,1,3,96 Well Microplate,16,H2,2,,95,D,Output1,2,2,3,96 Well Microplate,19,C3,2,25
96,A,SetupPlate1,1,1,3,96 Well Microplate,20,D3,2,,96,D,Output1,2,2,3,96 Well Microplate,20,D3,2,25
97,A,SetupPlate1,1,1,3,96 Well Microplate,3,C1,2,,97,D,Output1,2,2,3,96 Well Microplate,20,D3,2,25
98,A,SetupPlate1,1,1,3,96 Well Microplate,10,B2,2,,98,D,Output1,2,2,3,96 Well Microplate,20,D3,2,25
99,A,SetupPlate1,1,1,3,96 Well Microplate,15,G2,2,,99,D,Output1,2,2,3,96 Well Microplate,20,D3,2,25
100,A,SetupPlate1,1,1,3,96 Well Microplate,16,H2,2,,100,D,Output1,2,2,3,96 Well Microplate,20,D3,2,25
101,A,SetupPlate1,1,1,3,96 Well Microplate,20,D3,2,,101,D,Output1,2,2,3,96 Well Microplate,21,E3,2,25
102,A,SetupPlate1,1,1,3,96 Well Microplate,3,C1,2,,102,D,Output1,2,2,3,96 Well Microplate,21,E3,2,25
103,A,SetupPlate1,1,1,3,96 Well Microplate,11,C2,2,,103,D,Output1,2,2,3,96 Well Microplate,21,E3,2,25
104,A,SetupPlate1,1,1,3,96 Well Microplate,12,D2,2,,104,D,Output1,2,2,3,96 Well Microplate,21,E3,2,25
105,A,SetupPlate1,1,1,3,96 Well Microplate,16,H2,2,,105,D,Output1,2,2,3,96 Well Microplate,21,E3,2,25
106,A,SetupPlate1,1,1,3,96 Well Microplate,20,D3,2,,106,D,Output1,2,2,3,96 Well Microplate,22,F3,2,25
107,A,SetupPlate1,1,1,3,96 Well Microplate,3,C1,2,,107,D,Output1,2,2,3,96 Well Microplate,22,F3,2,25
108,A,SetupPlate1,1,1,3,96 Well Microplate,11,C2,2,,108,D,Output1,2,2,3,96 Well Microplate,22,F3,2,25
109,A,SetupPlate1,1,1,3,96 Well Microplate,13,E2,2,,109,D,Output1,2,2,3,96 Well Microplate,22,F3,2,25
110,A,SetupPlate1,1,1,3,96 Well Microplate,16,H2,2,,110,D,Output1,2,2,3,96 Well Microplate,22,F3,2,25
111,A,SetupPlate1,1,1,3,96 Well Microplate,20,D3,2,,111,D,Output1,2,2,3,96 Well Microplate,23,G3,2,25
112,A,SetupPlate1,1,1,3,96 Well Microplate,3,C1,2,,112,D,Output1,2,2,3,96 Well Microplate,23,G3,2,25
113,A,SetupPlate1,1,1,3,96 Well Microplate,11,C2,2,,113,D,Output1,2,2,3,96 Well Microplate,23,G3,2,25
114,A,SetupPlate1,1,1,3,96 Well Microplate,14,F2,2,,114,D,Output1,2,2,3,96 Well Microplate,23,G3,2,25
115,A,SetupPlate1,1,1,3,96 Well Microplate,16,H2,2,,115,D,Output1,2,2,3,96 Well Microplate,23,G3,2,25
116,A,SetupPlate1,1,1,3,96 Well Microplate,20,D3,2,,116,D,Output1,2,2,3,96 Well Microplate,24,H3,2,25
117,A,SetupPlate1,1,1,3,96 Well Microplate,3,C1,2,,117,D,Output1,2,2,3,96 Well Microplate,24,H3,2,25
118,A,SetupPlate1,1,1,3,96 Well Microplate,11,C2,2,,118,D,Output1,2,2,3,96 Well Microplate,24,H3,2,25
119,A,SetupPlate1,1,1,3,96 Well Microplate,15,G2,2,,119,D,Output1,2,2,3,96 Well Microplate,24,H3,2,25
120,A,SetupPlate1,1,1,3,96 Well Microplate,16,H2,2,,120,D,Output1,2,2,3,96 Well Microplate,24,H3,2,25
121,A,SetupPlate1,1,1,3,96 Well Microplate,20,D3,2,,121,D,Output1,2,2,3,96 Well Microplate,25,A4,2,25
122,A,SetupPlate1,1,1,3,96 Well Microplate,7,G1,2,,122,D,Output1,2,2,3,96 Well Microplate,25,A4,2,25
123,A,SetupPlate1,1,1,3,96 Well Microplate,9,A2,2,,123,D,Output1,2,2,3,96 Well Microplate,25,A4,2,25
124,A,SetupPlate1,1,1,3,96 Well Microplate,12,D2,2,,124,D,Output1,2,2,3,96 Well Microplate,25,A4,2,25
125,A,SetupPlate1,1,1,3,96 Well Microplate,16,H2,2,,125,D,Output1,2,2,3,96 Well Microplate,25,A4,2,25
126,A,SetupPlate1,1,1,3,96 Well Microplate,20,D3,2,,126,D,Output1,2,2,3,96 Well Microplate,26,B4,2,25
127,A,SetupPlate1,1,1,3,96 Well Microplate,7,G1,2,,127,D,Output1,2,2,3,96 Well Microplate,26,B4,2,25
128,A,SetupPlate1,1,1,3,96 Well Microplate,9,A2,2,,128,D,Output1,2,2,3,96 Well Microplate,26,B4,2,25
129,A,SetupPlate1,1,1,3,96 Well Microplate,13,E2,2,,129,D,Output1,2,2,3,96 Well Microplate,26,B4,2,25
130,A,SetupPlate1,1,1,3,96 Well Microplate,16,H2,2,,130,D,Output1,2,2,3,96 Well Microplate,26,B4,2,25
131,A,SetupPlate1,1,1,3,96 Well Microplate,20,D3,2,,131,D,Output1,2,2,3,96 Well Microplate,27,C4,2,25
132,A,SetupPlate1,1,1,3,96 Well Microplate,7,G1,2,,132,D,Output1,2,2,3,96 Well Microplate,27,C4,2,25
133,A,SetupPlate1,1,1,3,96 Well Microplate,9,A2,2,,133,D,Output1,2,2,3,96 Well Microplate,27,C4,2,25
134,A,SetupPlate1,1,1,3,96 Well Microplate,14,F2,2,,134,D,Output1,2,2,3,96 Well Microplate,27,C4,2,25
135,A,SetupPlate1,1,1,3,96 Well Microplate,16,H2,2,,135,D,Output1,2,2,3,96 Well Microplate,27,C4,2,25
136,A,SetupPlate1,1,1,3,96 Well Microplate,20,D3,2,,136,D,Output1,2,2,3,96 Well Microplate,28,D4,2,25
137,A,SetupPlate1,1,1,3,96 Well Microplate,7,G1,2,,137,D,Output1,2,2,3,96 Well Microplate,28,D4,2,25
138,A,SetupPlate1,1,1,3,96 Well Microplate,9,A2,2,,138,D,Output1,2,2,3,96 Well Microplate,28,D4,2,25
139,A,SetupPlate1,1,1,3,96 Well Microplate,15,G2,2,,139,D,Output1,2,2,3,96 Well Microplate,28,D4,2,25
140,A,SetupPlate1,1,1,3,96 Well Microplate,16,H2,2,,140,D,Output1,2,2,3,96 Well Microplate,28,D4,2,25
141,A,SetupPlate1,1,1,3,96 Well Microplate,20,D3,2,,141,D,Output1,2,2,3,96 Well Microplate,29,E4,2,25
142,A,SetupPlate1,1,1,3,96 Well Microplate,7,G1,2,,142,D,Output1,2,2,3,96 Well Microplate,29,E4,2,25
143,A,SetupPlate1,1,1,3,96 Well Microplate,10,B2,2,,143,D,Output1,2,2,3,96 Well Microplate,29,E4,2,25
144,A,SetupPlate1,1,1,3,96 Well Microplate,12,D2,2,,144,D,Output1,2,2,3,96 Well Microplate,29,E4,2,25
145,A,SetupPlate1,1,1,3,96 Well Microplate,16,H2,2,,145,D,Output1,2,2,3,96 Well Microplate,29,E4,2,25
146,A,SetupPlate1,1,1,3,96 Well Microplate,20,D3,2,,146,D,Output1,2,2,3,96 Well Microplate,30,F4,2,25
147,A,SetupPlate1,1,1,3,96 Well Microplate,7,G1,2,,147,D,Output1,2,2,3,96 Well Microplate,30,F4,2,25
148,A,SetupPlate1,1,1,3,96 Well Microplate,10,B2,2,,148,D,Output1,2,2,3,96 Well Microplate,30,F4,2,25
149,A,SetupPlate1,1,1,3,96 Well Microplate,13,E2,2,,149,D,Output1,2,2,3,96 Well Microplate,30,F4,2,25
150,A,SetupPlate1,1,1,3,96 Well Microplate,16,H2,2,,150,D,Output1,2,2,3,96 Well Microplate,30,F4,2,25
151,A,SetupPlate1,1,1,3,96 Well Microplate,20,D3,2,,151,D,Output1,2,2,3,96 Well Microplate,31,G4,2,25
152,A,SetupPlate1,1,1,3,96 Well Microplate,7,G1,2,,152,D,Output1,2,2,3,96 Well Microplate,31,G4,2,25
153,A,SetupPlate1,1,1,3,96 Well Microplate,10,B2,2,,153,D,Output1,2,2,3,96 Well Microplate,31,G4,2,25
154,A,SetupPlate1,1,1,3,96 Well Microplate,14,F2,2,,154,D,Output1,2,2,3,96 Well Microplate,31,G4,2,25
155,A,SetupPlate1,1,1,3,96 Well Microplate,16,H2,2,,155,D,Output1,2,2,3,96 Well Microplate,31,G4,2,25
156,A,SetupPlate1,1,1,3,96 Well Microplate,20,D3,2,,156,D,Output1,2,2,3,96 Well Microplate,32,H4,2,25
157,A,SetupPlate1,1,1,3,96 Well Microplate,7,G1,2,,157,D,Output1,2,2,3,96 Well Microplate,32,H4,2,25
158,A,SetupPlate1,1,1,3,96 Well Microplate,10,B2,2,,158,D,Output1,2,2,3,96 Well Microplate,32,H4,2,25
159,A,SetupPlate1,1,1,3,96 Well Microplate,15,G2,2,,159,D,Output1,2,2,3,96 Well Microplate,32,H4,2,25
160,A,SetupPlate1,1,1,3,96 Well Microplate,16,H2,2,,160,D,Output1,2,2,3,96 Well Microplate,32,H4,2,25
161,A,SetupPlate1,1,1,3,96 Well Microplate,20,D3,2,,161,D,Output1,2,2,3,96 Well Microplate,33,A5,2,25
162,A,SetupPlate1,1,1,3,96 Well Microplate,7,G1,2,,162,D,Output1,2,2,3,96 Well Microplate,33,A5,2,25
163,A,SetupPlate1,1,1,3,96 Well Microplate,11,C2,2,,163,D,Output1,2,2,3,96 Well Microplate,33,A5,2,25
164,A,SetupPlate1,1,1,3,96 Well Microplate,12,D2,2,,164,D,Output1,2,2,3,96 Well Microplate,33,A5,2,25
165,A,SetupPlate1,1,1,3,96 Well Microplate,16,H2,2,,165,D,Output1,2,2,3,96 Well Microplate,33,A5,2,25
166,A,SetupPlate1,1,1,3,96 Well Microplate,20,D3,2,,166,D,Output1,2,2,3,96 Well Microplate,34,B5,2,25
167,A,SetupPlate1,1,1,3,96 Well Microplate,7,G1,2,,167,D,Output1,2,2,3,96 Well Microplate,34,B5,2,25
168,A,SetupPlate1,1,1,3,96 Well Microplate,11,C2,2,,168,D,Output1,2,2,3,96 Well Microplate,34,B5,2,25
169,A,SetupPlate1,1,1,3,96 Well Microplate,13,E2,2,,169,D,Output1,2,2,3,96 Well Microplate,34,B5,2,25
170,A,SetupPlate1,1,1,3,96 Well Microplate,16,H2,2,,170,D,Output1,2,2,3,96 Well Microplate,34,B5,2,25
171,A,SetupPlate1,1,1,3,96 Well Microplate,20,D3,2,,171,D,Output1,2,2,3,96 Well Microplate,35,C5,2,25
172,A,SetupPlate1,1,1,3,96 Well Microplate,7,G1,2,,172,D,Output1,2,2,3,96 Well Microplate,35,C5,2,25
173,A,SetupPlate1,1,1,3,96 Well Microplate,11,C2,2,,173,D,Output1,2,2,3,96 Well Microplate,35,C5,2,25
174,A,SetupPlate1,1,1,3,96 Well Microplate,14,F2,2,,174,D,Output1,2,2,3,96 Well Microplate,35,C5,2,25
175,A,SetupPlate1,1,1,3,96 Well Microplate,16,H2,2,,175,D,Output1,2,2,3,96 Well Microplate,35,C5,2,25
176,A,SetupPlate1,1,1,3,96 Well Microplate,20,D3,2,,176,D,Output1,2,2,3,96 Well Microplate,36,D5,2,25
177,A,SetupPlate1,1,1,3,96 Well Microplate,7,G1,2,,177,D,Output1,2,2,3,96 Well Microplate,36,D5,2,25
178,A,SetupPlate1,1,1,3,96 Well Microplate,11,C2,2,,178,D,Output1,2,2,3,96 Well Microplate,36,D5,2,25
179,A,SetupPlate1,1,1,3,96 Well Microplate,15,G2,2,,179,D,Output1,2,2,3,96 Well Microplate,36,D5,2,25
180,A,SetupPlate1,1,1,3,96 Well Microplate,16,H2,2,,180,D,Output1,2,2,3,96 Well Microplate,36,D5,2,25
181,A,SetupPlate1,1,1,3,96 Well Microplate,21,E3,2,,181,D,Output1,2,2,3,96 Well Microplate,37,E5,2,25
182,A,SetupPlate1,1,1,3,96 Well Microplate,2,B1,2,,182,D,Output1,2,2,3,96 Well Microplate,37,E5,2,25
183,A,SetupPlate1,1,1,3,96 Well Microplate,9,A2,2,,183,D,Output1,2,2,3,96 Well Microplate,37,E5,2,25
184,A,SetupPlate1,1,1,3,96 Well Microplate,12,D2,2,,184,D,Output1,2,2,3,96 Well Microplate,37,E5,2,25
185,A,SetupPlate1,1,1,3,96 Well Microplate,17,A3,2,,185,D,Output1,2,2,3,96 Well Microplate,37,E5,2,25
186,A,SetupPlate1,1,1,3,96 Well Microplate,21,E3,2,,186,D,Output1,2,2,3,96 Well Microplate,38,F5,2,25
187,A,SetupPlate1,1,1,3,96 Well Microplate,2,B1,2,,187,D,Output1,2,2,3,96 Well Microplate,38,F5,2,25
188,A,SetupPlate1,1,1,3,96 Well Microplate,9,A2,2,,188,D,Output1,2,2,3,96 Well Microplate,38,F5,2,25
189,A,SetupPlate1,1,1,3,96 Well Microplate,13,E2,2,,189,D,Output1,2,2,3,96 Well Microplate,38,F5,2,25
190,A,SetupPlate1,1,1,3,96 Well Microplate,17,A3,2,,190,D,Output1,2,2,3,96 Well Microplate,38,F5,2,25
191,A,SetupPlate1,1,1,3,96 Well Microplate,21,E3,2,,191,D,Output1,2,2,3,96 Well Microplate,39,G5,2,25
192,A,SetupPlate1,1,1,3,96 Well Microplate,2,B1,2,,192,D,Output1,2,2,3,96 Well Microplate,39,G5,2,25
193,A,SetupPlate1,1,1,3,96 Well Microplate,9,A2,2,,193,D,Output1,2,2,3,96 Well Microplate,39,G5,2,25
194,A,SetupPlate1,1,1,3,96 Well Microplate,14,F2,2,,194,D,Output1,2,2,3,96 Well Microplate,39,G5,2,25
195,A,SetupPlate1,1,1,3,96 Well Microplate,17,A3,2,,195,D,Output1,2,2,3,96 Well Microplate,39,G5,2,25
196,A,SetupPlate1,1,1,3,96 Well Microplate,21,E3,2,,196,D,Output1,2,2,3,96 Well Microplate,40,H5,2,25
197,A,SetupPlate1,1,1,3,96 Well Microplate,2,B1,2,,197,D,Output1,2,2,3,96 Well Microplate,40,H5,2,25
198,A,SetupPlate1,1,1,3,96 Well Microplate,9,A2,2,,198,D,Output1,2,2,3,96 Well Microplate,40,H5,2,25
199,A,SetupPlate1,1,1,3,96 Well Microplate,15,G2,2,,199,D,Output1,2,2,3,96 Well Microplate,40,H5,2,25
200,A,SetupPlate1,1,1,3,96 Well Microplate,17,A3,2,,200,D,Output1,2,2,3,96 Well Microplate,40,H5,2,25
201,A,SetupPlate1,1,1,3,96 Well Microplate,21,E3,2,,201,D,Output1,2,2,3,96 Well Microplate,41,A6,2,25
202,A,SetupPlate1,1,1,3,96 Well Microplate,2,B1,2,,202,D,Output1,2,2,3,96 Well Microplate,41,A6,2,25
203,A,SetupPlate1,1,1,3,96 Well Microplate,10,B2,2,,203,D,Output1,2,2,3,96 Well Microplate,41,A6,2,25
204,A,SetupPlate1,1,1,3,96 Well Microplate,12,D2,2,,204,D,Output1,2,2,3,96 Well Microplate,41,A6,2,25
205,A,SetupPlate1,1,1,3,96 Well Microplate,17,A3,2,,205,D,Output1,2,2,3,96 Well Microplate,41,A6,2,25
206,A,SetupPlate1,1,1,3,96 Well Microplate,21,E3,2,,206,D,Output1,2,2,3,96 Well Microplate,42,B6,2,25
207,A,SetupPlate1,1,1,3,96 Well Microplate,2,B1,2,,207,D,Output1,2,2,3,96 Well Microplate,42,B6,2,25
208,A,SetupPlate1,1,1,3,96 Well Microplate,10,B2,2,,208,D,Output1,2,2,3,96 Well Microplate,42,B6,2,25
209,A,SetupPlate1,1,1,3,96 Well Microplate,13,E2,2,,209,D,Output1,2,2,3,96 Well Microplate,42,B6,2,25
210,A,SetupPlate1,1,1,3,96 Well Microplate,17,A3,2,,210,D,Output1,2,2,3,96 Well Microplate,42,B6,2,25
211,A,SetupPlate1,1,1,3,96 Well Microplate,21,E3,2,,211,D,Output1,2,2,3,96 Well Microplate,43,C6,2,25
212,A,SetupPlate1,1,1,3,96 Well Microplate,2,B1,2,,212,D,Output1,2,2,3,96 Well Microplate,43,C6,2,25
213,A,SetupPlate1,1,1,3,96 Well Microplate,10,B2,2,,213,D,Output1,2,2,3,96 Well Microplate,43,C6,2,25
214,A,SetupPlate1,1,1,3,96 Well Microplate,14,F2,2,,214,D,Output1,2,2,3,96 Well Microplate,43,C6,2,25
215,A,SetupPlate1,1,1,3,96 Well Microplate,17,A3,2,,215,D,Output1,2,2,3,96 Well Microplate,43,C6,2,25
216,A,SetupPlate1,1,1,3,96 Well Microplate,21,E3,2,,216,D,Output1,2,2,3,96 Well Microplate,44,D6,2,25
217,A,SetupPlate1,1,1,3,96 Well Microplate,2,B1,2,,217,D,Output1,2,2,3,96 Well Microplate,44,D6,2,25
218,A,SetupPlate1,1,1,3,96 Well Microplate,10,B2,2,,218,D,Output1,2,2,3,96 Well Microplate,44,D6,2,25
219,A,SetupPlate1,1,1,3,96 Well Microplate,15,G2,2,,219,D,Output1,2,2,3,96 Well Microplate,44,D6,2,25
220,A,SetupPlate1,1,1,3,96 Well Microplate,17,A3,2,,220,D,Output1,2,2,3,96 Well Microplate,44,D6,2,25
221,A,SetupPlate1,1,1,3,96 Well Microplate,21,E3,2,,221,D,Output1,2,2,3,96 Well Microplate,45,E6,2,25
222,A,SetupPlate1,1,1,3,96 Well Microplate,2,B1,2,,222,D,Output1,2,2,3,96 Well Microplate,45,E6,2,25
223,A,SetupPlate1,1,1,3,96 Well Microplate,11,C2,2,,223,D,Output1,2,2,3,96 Well Microplate,45,E6,2,25
224,A,SetupPlate1,1,1,3,96 Well Microplate,12,D2,2,,224,D,Output1,2,2,3,96 Well Microplate,45,E6,2,25
225,A,SetupPlate1,1,1,3,96 Well Microplate,17,A3,2,,225,D,Output1,2,2,3,96 Well Microplate,45,E6,2,25
226,A,SetupPlate1,1,1,3,96 Well Microplate,21,E3,2,,226,D,Output1,2,2,3,96 Well Microplate,46,F6,2,25
227,A,SetupPlate1,1,1,3,96 Well Microplate,2,B1,2,,227,D,Output1,2,2,3,96 Well Microplate,46,F6,2,25
228,A,SetupPlate1,1,1,3,96 Well Microplate,11,C2,2,,228,D,Output1,2,2,3,96 Well Microplate,46,F6,2,25
229,A,SetupPlate1,1,1,3,96 Well Microplate,13,E2,2,,229,D,Output1,2,2,3,96 Well Microplate,46,F6,2,25
230,A,SetupPlate1,1,1,3,96 Well Microplate,17,A3,2,,230,D,Output1,2,2,3,96 Well Microplate,46,F6,2,25
231,A,SetupPlate1,1,1,3,96 Well Microplate,21,E3,2,,231,D,Output1,2,2,3,96 Well Microplate,47,G6,2,25
232,A,SetupPlate1,1,1,3,96 Well Microplate,2,B1,2,,232,D,Output1,2,2,3,96 Well Microplate,47,G6,2,25
233,A,SetupPlate1,1,1,3,96 Well Microplate,11,C2,2,,233,D,Output1,2,2,3,96 Well Microplate,47,G6,2,25
234,A,SetupPlate1,1,1,3,96 Well Microplate,14,F2,2,,234,D,Output1,2,2,3,96 Well Microplate,47,G6,2,25
235,A,SetupPlate1,1,1,3,96 Well Microplate,17,A3,2,,235,D,Output1,2,2,3,96 Well Microplate,47,G6,2,25
236,A,SetupPlate1,1,1,3,96 Well Microplate,21,E3,2,,236,D,Output1,2,2,3,96 Well Microplate,48,H6,2,25
237,A,SetupPlate1,1,1,3,96 Well Microplate,2,B1,2,,237,D,Output1,2,2,3,96 Well Microplate,48,H6,2,25
238,A,SetupPlate1,1,1,3,96 Well Microplate,11,C2,2,,238,D,Output1,2,2,3,96 Well Microplate,48,H6,2,25
239,A,SetupPlate1,1,1,3,96 Well Microplate,15,G2,2,,239,D,Output1,2,2,3,96 Well Microplate,48,H6,2,25
240,A,SetupPlate1,1,1,3,96 Well Microplate,17,A3,2,,240,D,Output1,2,2,3,96 Well Microplate,48,H6,2,25
241,A,SetupPlate1,1,1,3,96 Well Microplate,21,E3,2,,241,D,Output1,2,2,3,96 Well Microplate,49,A7,2,25
242,A,SetupPlate1,1,1,3,96 Well Microplate,4,D1,2,,242,D,Output1,2,2,3,96 Well Microplate,49,A7,2,25
243,A,SetupPlate1,1,1,3,96 Well Microplate,9,A2,2,,243,D,Output1,2,2,3,96 Well Microplate,49,A7,2,25
244,A,SetupPlate1,1,1,3,96 Well Microplate,12,D2,2,,244,D,Output1,2,2,3,96 Well Microplate,49,A7,2,25
245,A,SetupPlate1,1,1,3,96 Well Microplate,17,A3,2,,245,D,Output1,2,2,3,96 Well Microplate,49,A7,2,25
246,A,SetupPlate1,1,1,3,96 Well Microplate,21,E3,2,,246,D,Output1,2,2,3,96 Well Microplate,50,B7,2,25
247,A,SetupPlate1,1,1,3,96 Well Microplate,4,D1,2,,247,D,Output1,2,2,3,96 Well Microplate,50,B7,2,25
248,A,SetupPlate1,1,1,3,96 Well Microplate,9,A2,2,,248,D,Output1,2,2,3,96 Well Microplate,50,B7,2,25
249,A,SetupPlate1,1,1,3,96 Well Microplate,13,E2,2,,249,D,Output1,2,2,3,96 Well Microplate,50,B7,2,25
250,A,SetupPlate1,1,1,3,96 Well Microplate,17,A3,2,,250,D,Output1,2,2,3,96 Well Microplate,50,B7,2,25
251,A,SetupPlate1,1,1,3,96 Well Microplate,21,E3,2,,251,D,Output1,2,2,3,96 Well Microplate,51,C7,2,25
252,A,SetupPlate1,1,1,3,96 Well Microplate,4,D1,2,,252,D,Output1,2,2,3,96 Well Microplate,51,C7,2,25
253,A,SetupPlate1,1,1,3,96 Well Microplate,9,A2,2,,253,D,Output1,2,2,3,96 Well Microplate,51,C7,2,25
254,A,SetupPlate1,1,1,3,96 Well Microplate,14,F2,2,,254,D,Output1,2,2,3,96 Well Microplate,51,C7,2,25
255,A,SetupPlate1,1,1,3,96 Well Microplate,17,A3,2,,255,D,Output1,2,2,3,96 Well Microplate,51,C7,2,25
256,A,SetupPlate1,1,1,3,96 Well Microplate,21,E3,2,,256,D,Output1,2,2,3,96 Well Microplate,52,D7,2,25
257,A,SetupPlate1,1,1,3,96 Well Microplate,4,D1,2,,257,D,Output1,2,2,3,96 Well Microplate,52,D7,2,25
258,A,SetupPlate1,1,1,3,96 Well Microplate,9,A2,2,,258,D,Output1,2,2,3,96 Well Microplate,52,D7,2,25
259,A,SetupPlate1,1,1,3,96 Well Microplate,15,G2,2,,259,D,Output1,2,2,3,96 Well Microplate,52,D7,2,25
260,A,SetupPlate1,1,1,3,96 Well Microplate,17,A3,2,,260,D,Output1,2,2,3,96 Well Microplate,52,D7,2,25
261,A,SetupPlate1,1,1,3,96 Well Microplate,21,E3,2,,261,D,Output1,2,2,3,96 Well Microplate,53,E7,2,25
262,A,SetupPlate1,1,1,3,96 Well Microplate,4,D1,2,,262,D,Output1,2,2,3,96 Well Microplate,53,E7,2,25
263,A,SetupPlate1,1,1,3,96 Well Microplate,10,B2,2,,263,D,Output1,2,2,3,96 Well Microplate,53,E7,2,25
264,A,SetupPlate1,1,1,3,96 Well Microplate,12,D2,2,,264,D,Output1,2,2,3,96 Well Microplate,53,E7,2,25
265,A,SetupPlate1,1,1,3,96 Well Microplate,17,A3,2,,265,D,Output1,2,2,3,96 Well Microplate,53,E7,2,25
266,A,SetupPlate1,1,1,3,96 Well Microplate,21,E3,2,,266,D,Output1,2,2,3,96 Well Microplate,54,F7,2,25
267,A,SetupPlate1,1,1,3,96 Well Microplate,4,D1,2,,267,D,Output1,2,2,3,96 Well Microplate,54,F7,2,25
268,A,SetupPlate1,1,1,3,96 Well Microplate,10,B2,2,,268,D,Output1,2,2,3,96 Well Microplate,54,F7,2,25
269,A,SetupPlate1,1,1,3,96 Well Microplate,13,E2,2,,269,D,Output1,2,2,3,96 Well Microplate,54,F7,2,25
270,A,SetupPlate1,1,1,3,96 Well Microplate,17,A3,2,,270,D,Output1,2,2,3,96 Well Microplate,54,F7,2,25
271,A,SetupPlate1,1,1,3,96 Well Microplate,21,E3,2,,271,D,Output1,2,2,3,96 Well Microplate,55,G7,2,25
272,A,SetupPlate1,1,1,3,96 Well Microplate,4,D1,2,,272,D,Output1,2,2,3,96 Well Microplate,55,G7,2,25
273,A,SetupPlate1,1,1,3,96 Well Microplate,10,B2,2,,273,D,Output1,2,2,3,96 Well Microplate,55,G7,2,25
274,A,SetupPlate1,1,1,3,96 Well Microplate,14,F2,2,,274,D,Output1,2,2,3,96 Well Microplate,55,G7,2,25
275,A,SetupPlate1,1,1,3,96 Well Microplate,17,A3,2,,275,D,Output1,2,2,3,96 Well Microplate,55,G7,2,25
276,A,SetupPlate1,1,1,3,96 Well Microplate,21,E3,2,,276,D,Output1,2,2,3,96 Well Microplate,56,H7,2,25
277,A,SetupPlate1,1,1,3,96 Well Microplate,4,D1,2,,277,D,Output1,2,2,3,96 Well Microplate,56,H7,2,25
278,A,SetupPlate1,1,1,3,96 Well Microplate,10,B2,2,,278,D,Output1,2,2,3,96 Well Microplate,56,H7,2,25
279,A,SetupPlate1,1,1,3,96 Well Microplate,15,G2,2,,279,D,Output1,2,2,3,96 Well Microplate,56,H7,2,25
280,A,SetupPlate1,1,1,3,96 Well Microplate,17,A3,2,,280,D,Output1,2,2,3,96 Well Microplate,56,H7,2,25
281,A,SetupPlate1,1,1,3,96 Well Microplate,21,E3,2,,281,D,Output1,2,2,3,96 Well Microplate,57,A8,2,25
282,A,SetupPlate1,1,1,3,96 Well Microplate,4,D1,2,,282,D,Output1,2,2,3,96 Well Microplate,57,A8,2,25
283,A,SetupPlate1,1,1,3,96 Well Microplate,11,C2,2,,283,D,Output1,2,2,3,96 Well Microplate,57,A8,2,25
284,A,SetupPlate1,1,1,3,96 Well Microplate,12,D2,2,,284,D,Output1,2,2,3,96 Well Microplate,57,A8,2,25
285,A,SetupPlate1,1,1,3,96 Well Microplate,17,A3,2,,285,D,Output1,2,2,3,96 Well Microplate,57,A8,2,25
286,A,SetupPlate1,1,1,3,96 Well Microplate,21,E3,2,,286,D,Output1,2,2,3,96 Well Microplate,58,B8,2,25
287,A,SetupPlate1,1,1,3,96 Well Microplate,4,D1,2,,287,D,Output1,2,2,3,96 Well Microplate,58,B8,2,25
288,A,SetupPlate1,1,1,3,96 Well Microplate,11,C2,2,,288,D,Output1,2,2,3,96 Well Microplate,58,B8,2,25
289,A,SetupPlate1,1,1,3,96 Well Microplate,13,E2,2,,289,D,Output1,2,2,3,96 Well Microplate,58,B8,2,25
290,A,SetupPlate1,1,1,3,96 Well Microplate,17,A3,2,,290,D,Output1,2,2,3,96 Well Microplate,58,B8,2,25
291,A,SetupPlate1,1,1,3,96 Well Microplate,21,E3,2,,291,D,Output1,2,2,3,96 Well Microplate,59,C8,2,25
292,A,SetupPlate1,1,1,3,96 Well Microplate,4,D1,2,,292,D,Output1,2,2,3,96 Well Microplate,59,C8,2,25
293,A,SetupPlate1,1,1,3,96 Well Microplate,11,C2,2,,293,D,Output1,2,2,3,96 Well Microplate,59,C8,2,25
294,A,SetupPlate1,1,1,3,96 Well Microplate,14,F2,2,,294,D,Output1,2,2,3,96 Well Microplate,59,C8,2,25
295,A,SetupPlate1,1,1,3,96 Well Microplate,17,A3,2,,295,D,Output1,2,2,3,96 Well Microplate,59,C8,2,25
296,A,SetupPlate1,1,1,3,96 Well Microplate,21,E3,2,,296,D,Output1,2,2,3,96 Well Microplate,60,D8,2,25
297,A,SetupPlate1,1,1,3,96 Well Microplate,4,D1,2,,297,D,Output1,2,2,3,96 Well Microplate,60,D8,2,25
298,A,SetupPlate1,1,1,3,96 Well Microplate,11,C2,2,,298,D,Output1,2,2,3,96 Well Microplate,60,D8,2,25
299,A,SetupPlate1,1,1,3,96 Well Microplate,15,G2,2,,299,D,Output1,2,2,3,96 Well Microplate,60,D8,2,25
300,A,SetupPlate1,1,1,3,96 Well Microplate,17,A3,2,,300,D,Output1,2,2,3,96 Well Microplate,60,D8,2,25
301,A,SetupPlate1,1,1,3,96 Well Microplate,21,E3,2,,301,D,Output1,2,2,3,96 Well Microplate,61,E8,2,25
302,A,SetupPlate1,1,1,3,96 Well Microplate,8,H1,2,,302,D,Output1,2,2,3,96 Well Microplate,61,E8,2,25
303,A,SetupPlate1,1,1,3,96 Well Microplate,9,A2,2,,303,D,Output1,2,2,3,96 Well Microplate,61,E8,2,25
304,A,SetupPlate1,1,1,3,96 Well Microplate,12,D2,2,,304,D,Output1,2,2,3,96 Well Microplate,61,E8,2,25
305,A,SetupPlate1,1,1,3,96 Well Microplate,17,A3,2,,305,D,Output1,2,2,3,96 Well Microplate,61,E8,2,25
306,A,SetupPlate1,1,1,3,96 Well Microplate,21,E3,2,,306,D,Output1,2,2,3,96 Well Microplate,62,F8,2,25
307,A,SetupPlate1,1,1,3,96 Well Microplate,8,H1,2,,307,D,Output1,2,2,3,96 Well Microplate,62,F8,2,25
308,A,SetupPlate1,1,1,3,96 Well Microplate,9,A2,2,,308,D,Output1,2,2,3,96 Well Microplate,62,F8,2,25
309,A,SetupPlate1,1,1,3,96 Well Microplate,13,E2,2,,309,D,Output1,2,2,3,96 Well Microplate,62,F8,2,25
310,A,SetupPlate1,1,1,3,96 Well Microplate,17,A3,2,,310,D,Output1,2,2,3,96 Well Microplate,62,F8,2,25
311,A,SetupPlate1,1,1,3,96 Well Microplate,21,E3,2,,311,D,Output1,2,2,3,96 Well Microplate,63,G8,2,25
312,A,SetupPlate1,1,1,3,96 Well Microplate,8,H1,2,,312,D,Output1,2,2,3,96 Well Microplate,63,G8,2,25
313,A,SetupPlate1,1,1,3,96 Well Microplate,9,A2,2,,313,D,Output1,2,2,3,96 Well Microplate,63,G8,2,25
314,A,SetupPlate1,1,1,3,96 Well Microplate,14,F2,2,,314,D,Output1,2,2,3,96 Well Microplate,63,G8,2,25
315,A,SetupPlate1,1,1,3,96 Well Microplate,17,A3,2,,315,D,Output1,2,2,3,96 Well Microplate,63,G8,2,25
316,A,SetupPlate1,1,1,3,96 Well Microplate,21,E3,2,,316,D,Output1,2,2,3,96 Well Microplate,64,H8,2,25
317,A,SetupPlate1,1,1,3,96 Well Microplate,8,H1,2,,317,D,Output1,2,2,3,96 Well Microplate,64,H8,2,25
318,A,SetupPlate1,1,1,3,96 Well Microplate,9,A2,2,,318,D,Output1,2,2,3,96 Well Microplate,64,H8,2,25
319,A,SetupPlate1,1,1,3,96 Well Microplate,15,G2,2,,319,D,Output1,2,2,3,96 Well Microplate,64,H8,2,25
320,A,SetupPlate1,1,1,3,96 Well Microplate,17,A3,2,,320,D,Output1,2,2,3,96 Well Microplate,64,H8,2,25
321,A,SetupPlate1,1,1,3,96 Well Microplate,21,E3,2,,321,D,Output1,2,2,3,96 Well Microplate,65,A9,2,25
322,A,SetupPlate1,1,1,3,96 Well Microplate,8,H1,2,,322,D,Output1,2,2,3,96 Well Microplate,65,A9,2,25
323,A,SetupPlate1,1,1,3,96 Well Microplate,10,B2,2,,323,D,Output1,2,2,3,96 Well Microplate,65,A9,2,25
324,A,SetupPlate1,1,1,3,96 Well Microplate,12,D2,2,,324,D,Output1,2,2,3,96 Well Microplate,65,A9,2,25
325,A,SetupPlate1,1,1,3,96 Well Microplate,17,A3,2,,325,D,Output1,2,2,3,96 Well Microplate,65,A9,2,25
326,A,SetupPlate1,1,1,3,96 Well Microplate,21,E3,2,,326,D,Output1,2,2,3,96 Well Microplate,66,B9,2,25
327,A,SetupPlate1,1,1,3,96 Well Microplate,8,H1,2,,327,D,Output1,2,2,3,96 Well Microplate,66,B9,2,25
328,A,SetupPlate1,1,1,3,96 Well Microplate,10,B2,2,,328,D,Output1,2,2,3,96 Well Microplate,66,B9,2,25
329,A,SetupPlate1,1,1,3,96 Well Microplate,13,E2,2,,329,D,Output1,2,2,3,96 Well Microplate,66,B9,2,25
330,A,SetupPlate1,1,1,3,96 Well Microplate,17,A3,2,,330,D,Output1,2,2,3,96 Well Microplate,66,B9,2,25
331,A,SetupPlate1,1,1,3,96 Well Microplate,21,E3,2,,331,D,Output1,2,2,3,96 Well Microplate,67,C9,2,25
332,A,SetupPlate1,1,1,3,96 Well Microplate,8,H1,2,,332,D,Output1,2,2,3,96 Well Microplate,67,C9,2,25
333,A,SetupPlate1,1,1,3,96 Well Microplate,10,B2,2,,333,D,Output1,2,2,3,96 Well Microplate,67,C9,2,25
334,A,SetupPlate1,1,1,3,96 Well Microplate,14,F2,2,,334,D,Output1,2,2,3,96 Well Microplate,67,C9,2,25
335,A,SetupPlate1,1,1,3,96 Well Microplate,17,A3,2,,335,D,Output1,2,2,3,96 Well Microplate,67,C9,2,25
336,A,SetupPlate1,1,1,3,96 Well Microplate,21,E3,2,,336,D,Output1,2,2,3,96 Well Microplate,68,D9,2,25
337,A,SetupPlate1,1,1,3,96 Well Microplate,8,H1,2,,337,D,Output1,2,2,3,96 Well Microplate,68,D9,2,25
338,A,SetupPlate1,1,1,3,96 Well Microplate,10,B2,2,,338,D,Output1,2,2,3,96 Well Microplate,68,D9,2,25
339,A,SetupPlate1,1,1,3,96 Well Microplate,15,G2,2,,339,D,Output1,2,2,3,96 Well Microplate,68,D9,2,25
340,A,SetupPlate1,1,1,3,96 Well Microplate,17,A3,2,,340,D,Output1,2,2,3,96 Well Microplate,68,D9,2,25
341,A,SetupPlate1,1,1,3,96 Well Microplate,21,E3,2,,341,D,Output1,2,2,3,96 Well Microplate,69,E9,2,25
342,A,SetupPlate1,1,1,3,96 Well Microplate,8,H1,2,,342,D,Output1,2,2,3,96 Well Microplate,69,E9,2,25
343,A,SetupPlate1,1,1,3,96 Well Microplate,11,C2,2,,343,D,Output1,2,2,3,96 Well Microplate,69,E9,2,25
344,A,SetupPlate1,1,1,3,96 Well Microplate,12,D2,2,,344,D,Output1,2,2,3,96 Well Microplate,69,E9,2,25
345,A,SetupPlate1,1,1,3,96 Well Microplate,17,A3,2,,345,D,Output1,2,2,3,96 Well Microplate,69,E9,2,25
346,A,SetupPlate1,1,1,3,96 Well Microplate,21,E3,2,,346,D,Output1,2,2,3,96 Well Microplate,70,F9,2,25
347,A,SetupPlate1,1,1,3,96 Well Microplate,8,H1,2,,347,D,Output1,2,2,3,96 Well Microplate,70,F9,2,25
348,A,SetupPlate1,1,1,3,96 Well Microplate,11,C2,2,,348,D,Output1,2,2,3,96 Well Microplate,70,F9,2,25
349,A,SetupPlate1,1,1,3,96 Well Microplate,13,E2,2,,349,D,Output1,2,2,3,96 Well Microplate,70,F9,2,25
350,A,SetupPlate1,1,1,3,96 Well Microplate,17,A3,2,,350,D,Output1,2,2,3,96 Well Microplate,70,F9,2,25
351,A,SetupPlate1,1,1,3,96 Well Microplate,21,E3,2,,351,D,Output1,2,2,3,96 Well Microplate,71,G9,2,25
352,A,SetupPlate1,1,1,3,96 Well Microplate,8,H1,2,,352,D,Output1,2,2,3,96 Well Microplate,71,G9,2,25
353,A,SetupPlate1,1,1,3,96 Well Microplate,11,C2,2,,353,D,Output1,2,2,3,96 Well Microplate,71,G9,2,25
354,A,SetupPlate1,1,1,3,96 Well Microplate,14,F2,2,,354,D,Output1,2,2,3,96 Well Microplate,71,G9,2,25
355,A,SetupPlate1,1,1,3,96 Well Microplate,17,A3,2,,355,D,Output1,2,2,3,96 Well Microplate,71,G9,2,25
356,A,SetupPlate1,1,1,3,96 Well Microplate,21,E3,2,,356,D,Output1,2,2,3,96 Well Microplate,72,H9,2,25
357,A,SetupPlate1,1,1,3,96 Well Microplate,8,H1,2,,357,D,Output1,2,2,3,96 Well Microplate,72,H9,2,25
358,A,SetupPlate1,1,1,3,96 Well Microplate,11,C2,2,,358,D,Output1,2,2,3,96 Well Microplate,72,H9,2,25
359,A,SetupPlate1,1,1,3,96 Well Microplate,15,G2,2,,359,D,Output1,2,2,3,96 Well Microplate,72,H9,2,25
360,A,SetupPlate1,1,1,3,96 Well Microplate,17,A3,2,,360,D,Output1,2,2,3,96 Well Microplate,72,H9,2,25
361,A,SetupPlate1,1,1,3,96 Well Microplate,22,F3,2,,361,D,Output1,2,2,3,96 Well Microplate,73,A10,2,25
362,A,SetupPlate1,1,1,3,96 Well Microplate,5,E1,2,,362,D,Output1,2,2,3,96 Well Microplate,73,A10,2,25
363,A,SetupPlate1,1,1,3,96 Well Microplate,9,A2,2,,363,D,Output1,2,2,3,96 Well Microplate,73,A10,2,25
364,A,SetupPlate1,1,1,3,96 Well Microplate,12,D2,2,,364,D,Output1,2,2,3,96 Well Microplate,73,A10,2,25
365,A,SetupPlate1,1,1,3,96 Well Microplate,18,B3,2,,365,D,Output1,2,2,3,96 Well Microplate,73,A10,2,25
366,A,SetupPlate1,1,1,3,96 Well Microplate,22,F3,2,,366,D,Output1,2,2,3,96 Well Microplate,74,B10,2,25
367,A,SetupPlate1,1,1,3,96 Well Microplate,5,E1,2,,367,D,Output1,2,2,3,96 Well Microplate,74,B10,2,25
368,A,SetupPlate1,1,1,3,96 Well Microplate,9,A2,2,,368,D,Output1,2,2,3,96 Well Microplate,74,B10,2,25
369,A,SetupPlate1,1,1,3,96 Well Microplate,13,E2,2,,369,D,Output1,2,2,3,96 Well Microplate,74,B10,2,25
370,A,SetupPlate1,1,1,3,96 Well Microplate,18,B3,2,,370,D,Output1,2,2,3,96 Well Microplate,74,B10,2,25
371,A,SetupPlate1,1,1,3,96 Well Microplate,22,F3,2,,371,D,Output1,2,2,3,96 Well Microplate,75,C10,2,25
372,A,SetupPlate1,1,1,3,96 Well Microplate,5,E1,2,,372,D,Output1,2,2,3,96 Well Microplate,75,C10,2,25
373,A,SetupPlate1,1,1,3,96 Well Microplate,9,A2,2,,373,D,Output1,2,2,3,96 Well Microplate,75,C10,2,25
374,A,SetupPlate1,1,1,3,96 Well Microplate,14,F2,2,,374,D,Output1,2,2,3,96 Well Microplate,75,C10,2,25
375,A,SetupPlate1,1,1,3,96 Well Microplate,18,B3,2,,375,D,Output1,2,2,3,96 Well Microplate,75,C10,2,25
376,A,SetupPlate1,1,1,3,96 Well Microplate,22,F3,2,,376,D,Output1,2,2,3,96 Well Microplate,76,D10,2,25
377,A,SetupPlate1,1,1,3,96 Well Microplate,5,E1,2,,377,D,Output1,2,2,3,96 Well Microplate,76,D10,2,25
378,A,SetupPlate1,1,1,3,96 Well Microplate,9,A2,2,,378,D,Output1,2,2,3,96 Well Microplate,76,D10,2,25
379,A,SetupPlate1,1,1,3,96 Well Microplate,15,G2,2,,379,D,Output1,2,2,3,96 Well Microplate,76,D10,2,25
380,A,SetupPlate1,1,1,3,96 Well Microplate,18,B3,2,,380,D,Output1,2,2,3,96 Well Microplate,76,D10,2,25
381,A,SetupPlate1,1,1,3,96 Well Microplate,22,F3,2,,381,D,Output1,2,2,3,96 Well Microplate,77,E10,2,25
382,A,SetupPlate1,1,1,3,96 Well Microplate,5,E1,2,,382,D,Output1,2,2,3,96 Well Microplate,77,E10,2,25
383,A,SetupPlate1,1,1,3,96 Well Microplate,10,B2,2,,383,D,Output1,2,2,3,96 Well Microplate,77,E10,2,25
384,A,SetupPlate1,1,1,3,96 Well Microplate,12,D2,2,,384,D,Output1,2,2,3,96 Well Microplate,77,E10,2,25
385,A,SetupPlate1,1,1,3,96 Well Microplate,18,B3,2,,385,D,Output1,2,2,3,96 Well Microplate,77,E10,2,25
386,A,SetupPlate1,1,1,3,96 Well Microplate,22,F3,2,,386,D,Output1,2,2,3,96 Well Microplate,78,F10,2,25
387,A,SetupPlate1,1,1,3,96 Well Microplate,5,E1,2,,387,D,Output1,2,2,3,96 Well Microplate,78,F10,2,25
388,A,SetupPlate1,1,1,3,96 Well Microplate,10,B2,2,,388,D,Output1,2,2,3,96 Well Microplate,78,F10,2,25
389,A,SetupPlate1,1,1,3,96 Well Microplate,13,E2,2,,389,D,Output1,2,2,3,96 Well Microplate,78,F10,2,25
390,A,SetupPlate1,1,1,3,96 Well Microplate,18,B3,2,,390,D,Output1,2,2,3,96 Well Microplate,78,F10,2,25
391,A,SetupPlate1,1,1,3,96 Well Microplate,22,F3,2,,391,D,Output1,2,2,3,96 Well Microplate,79,G10,2,25
392,A,SetupPlate1,1,1,3,96 Well Microplate,5,E1,2,,392,D,Output1,2,2,3,96 Well Microplate,79,G10,2,25
393,A,SetupPlate1,1,1,3,96 Well Microplate,10,B2,2,,393,D,Output1,2,2,3,96 Well Microplate,79,G10,2,25
394,A,SetupPlate1,1,1,3,96 Well Microplate,14,F2,2,,394,D,Output1,2,2,3,96 Well Microplate,79,G10,2,25
395,A,SetupPlate1,1,1,3,96 Well Microplate,18,B3,2,,395,D,Output1,2,2,3,96 Well Microplate,79,G10,2,25
396,A,SetupPlate1,1,1,3,96 Well Microplate,22,F3,2,,396,D,Output1,2,2,3,96 Well Microplate,80,H10,2,25
397,A,SetupPlate1,1,1,3,96 Well Microplate,5,E1,2,,397,D,Output1,2,2,3,96 Well Microplate,80,H10,2,25
398,A,SetupPlate1,1,1,3,96 Well Microplate,10,B2,2,,398,D,Output1,2,2,3,96 Well Microplate,80,H10,2,25
399,A,SetupPlate1,1,1,3,96 Well Microplate,15,G2,2,,399,D,Output1,2,2,3,96 Well Microplate,80,H10,2,25
400,A,SetupPlate1,1,1,3,96 Well Microplate,18,B3,2,,400,D,Output1,2,2,3,96 Well Microplate,80,H10,2,25
401,A,SetupPlate1,1,1,3,96 Well Microplate,22,F3,2,,401,D,Output1,2,2,3,96 Well Microplate,81,A11,2,25
402,A,SetupPlate1,1,1,3,96 Well Microplate,5,E1,2,,402,D,Output1,2,2,3,96 Well Microplate,81,A11,2,25
403,A,SetupPlate1,1,1,3,96 Well Microplate,11,C2,2,,403,D,Output1,2,2,3,96 Well Microplate,81,A11,2,25
404,A,SetupPlate1,1,1,3,96 Well Microplate,12,D2,2,,404,D,Output1,2,2,3,96 Well Microplate,81,A11,2,25
405,A,SetupPlate1,1,1,3,96 Well Microplate,18,B3,2,,405,D,Output1,2,2,3,96 Well Microplate,81,A11,2,25
406,A,SetupPlate1,1,1,3,96 Well Microplate,22,F3,2,,406,D,Output1,2,2,3,96 Well Microplate,82,B11,2,25
407,A,SetupPlate1,1,1,3,96 Well Microplate,5,E1,2,,407,D,Output1,2,2,3,96 Well Microplate,82,B11,2,25
408,A,SetupPlate1,1,1,3,96 Well Microplate,11,C2,2,,408,D,Output1,2,2,3,96 Well Microplate,82,B11,2,25
409,A,SetupPlate1,1,1,3,96 Well Microplate,13,E2,2,,409,D,Output1,2,2,3,96 Well Microplate,82,B11,2,25
410,A,SetupPlate1,1,1,3,96 Well Microplate,18,B3,2,,410,D,Output1,2,2,3,96 Well Microplate,82,B11,2,25
411,A,SetupPlate1,1,1,3,96 Well Microplate,22,F3,2,,411,D,Output1,2,2,3,96 Well Microplate,83,C11,2,25
412,A,SetupPlate1,1,1,3,96 Well Microplate,5,E1,2,,412,D,Output1,2,2,3,96 Well Microplate,83,C11,2,25
413,A,SetupPlate1,1,1,3,96 Well Microplate,11,C2,2,,413,D,Output1,2,2,3,96 Well Microplate,83,C11,2,25
414,A,SetupPlate1,1,1,3,96 Well Microplate,14,F2,2,,414,D,Output1,2,2,3,96 Well Microplate,83,C11,2,25
415,A,SetupPlate1,1,1,3,96 Well Microplate,18,B3,2,,415,D,Output1,2,2,3,96 Well Microplate,83,C11,2,25
416,A,SetupPlate1,1,1,3,96 Well Microplate,22,F3,2,,416,D,Output1,2,2,3,96 Well Microplate,84,D11,2,25
417,A,SetupPlate1,1,1,3,96 Well Microplate,5,E1,2,,417,D,Output1,2,2,3,96 Well Microplate,84,D11,2,25
418,A,SetupPlate1,1,1,3,96 Well Microplate,11,C2,2,,418,D,Output1,2,2,3,96 Well Microplate,84,D11,2,25
419,A,SetupPlate1,1,1,3,96 Well Microplate,15,G2,2,,419,D,Output1,2,2,3,96 Well Microplate,84,D11,2,25
420,A,SetupPlate1,1,1,3,96 Well Microplate,18,B3,2,,420,D,Output1,2,2,3,96 Well Microplate,84,D11,2,25
421,A,SetupPlate1,1,1,3,96 Well Microplate,23,G3,2,,421,D,Output1,2,2,3,96 Well Microplate,85,E11,2,25
422,A,SetupPlate1,1,1,3,96 Well Microplate,6,F1,2,,422,D,Output1,2,2,3,96 Well Microplate,85,E11,2,25
423,A,SetupPlate1,1,1,3,96 Well Microplate,9,A2,2,,423,D,Output1,2,2,3,96 Well Microplate,85,E11,2,25
424,A,SetupPlate1,1,1,3,96 Well Microplate,12,D2,2,,424,D,Output1,2,2,3,96 Well Microplate,85,E11,2,25
425,A,SetupPlate1,1,1,3,96 Well Microplate,19,C3,2,,425,D,Output1,2,2,3,96 Well Microplate,85,E11,2,25
426,A,SetupPlate1,1,1,3,96 Well Microplate,23,G3,2,,426,D,Output1,2,2,3,96 Well Microplate,86,F11,2,25
427,A,SetupPlate1,1,1,3,96 Well Microplate,6,F1,2,,427,D,Output1,2,2,3,96 Well Microplate,86,F11,2,25
428,A,SetupPlate1,1,1,3,96 Well Microplate,9,A2,2,,428,D,Output1,2,2,3,96 Well Microplate,86,F11,2,25
429,A,SetupPlate1,1,1,3,96 Well Microplate,13,E2,2,,429,D,Output1,2,2,3,96 Well Microplate,86,F11,2,25
430,A,SetupPlate1,1,1,3,96 Well Microplate,19,C3,2,,430,D,Output1,2,2,3,96 Well Microplate,86,F11,2,25
431,A,SetupPlate1,1,1,3,96 Well Microplate,23,G3,2,,431,D,Output1,2,2,3,96 Well Microplate,87,G11,2,25
432,A,SetupPlate1,1,1,3,96 Well Microplate,6,F1,2,,432,D,Output1,2,2,3,96 Well Microplate,87,G11,2,25
433,A,SetupPlate1,1,1,3,96 Well Microplate,9,A2,2,,433,D,Output1,2,2,3,96 Well Microplate,87,G11,2,25
434,A,SetupPlate1,1,1,3,96 Well Microplate,14,F2,2,,434,D,Output1,2,2,3,96 Well Microplate,87,G11,2,25
435,A,SetupPlate1,1,1,3,96 Well Microplate,19,C3,2,,435,D,Output1,2,2,3,96 Well Microplate,87,G11,2,25
436,A,SetupPlate1,1,1,3,96 Well Microplate,23,G3,2,,436,D,Output1,2,2,3,96 Well Microplate,88,H11,2,25
437,A,SetupPlate1,1,1,3,96 Well Microplate,6,F1,2,,437,D,Output1,2,2,3,96 Well Microplate,88,H11,2,25
438,A,SetupPlate1,1,1,3,96 Well Microplate,9,A2,2,,438,D,Output1,2,2,3,96 Well Microplate,88,H11,2,25
439,A,SetupPlate1,1,1,3,96 Well Microplate,15,G2,2,,439,D,Output1,2,2,3,96 Well Microplate,88,H11,2,25
440,A,SetupPlate1,1,1,3,96 Well Microplate,19,C3,2,,440,D,Output1,2,2,3,96 Well Microplate,88,H11,2,25
441,A,SetupPlate1,1,1,3,96 Well Microplate,23,G3,2,,441,D,Output1,2,2,3,96 Well Microplate,89,A12,2,25
442,A,SetupPlate1,1,1,3,96 Well Microplate,6,F1,2,,442,D,Output1,2,2,3,96 Well Microplate,89,A12,2,25
443,A,SetupPlate1,1,1,3,96 Well Microplate,10,B2,2,,443,D,Output1,2,2,3,96 Well Microplate,89,A12,2,25
444,A,SetupPlate1,1,1,3,96 Well Microplate,12,D2,2,,444,D,Output1,2,2,3,96 Well Microplate,89,A12,2,25
445,A,SetupPlate1,1,1,3,96 Well Microplate,19,C3,2,,445,D,Output1,2,2,3,96 Well Microplate,89,A12,2,25
446,A,SetupPlate1,1,1,3,96 Well Microplate,23,G3,2,,446,D,Output1,2,2,3,96 Well Microplate,90,B12,2,25
447,A,SetupPlate1,1,1,3,96 Well Microplate,6,F1,2,,447,D,Output1,2,2,3,96 Well Microplate,90,B12,2,25
448,A,SetupPlate1,1,1,3,96 Well Microplate,10,B2,2,,448,D,Output1,2,2,3,96 Well Microplate,90,B12,2,25
449,A,SetupPlate1,1,1,3,96 Well Microplate,13,E2,2,,449,D,Output1,2,2,3,96 Well Microplate,90,B12,2,25
450,A,SetupPlate1,1,1,3,96 Well Microplate,19,C3,2,,450,D,Output1,2,2,3,96 Well Microplate,90,B12,2,25
451,A,SetupPlate1,1,1,3,96 Well Microplate,23,G3,2,,451,D,Output1,2,2,3,96 Well Microplate,91,C12,2,25
452,A,SetupPlate1,1,1,3,96 Well Microplate,6,F1,2,,452,D,Output1,2,2,3,96 Well Microplate,91,C12,2,25
453,A,SetupPlate1,1,1,3,96 Well Microplate,10,B2,2,,453,D,Output1,2,2,3,96 Well Microplate,91,C12,2,25
454,A,SetupPlate1,1,1,3,96 Well Microplate,14,F2,2,,454,D,Output1,2,2,3,96 Well Microplate,91,C12,2,25
455,A,SetupPlate1,1,1,3,96 Well Microplate,19,C3,2,,455,D,Output1,2,2,3,96 Well Microplate,91,C12,2,25
456,A,SetupPlate1,1,1,3,96 Well Microplate,23,G3,2,,456,D,Output1,2,2,3,96 Well Microplate,92,D12,2,25
457,A,SetupPlate1,1,1,3,96 Well Microplate,6,F1,2,,457,D,Output1,2,2,3,96 Well Microplate,92,D12,2,25
458,A,SetupPlate1,1,1,3,96 Well Microplate,10,B2,2,,458,D,Output1,2,2,3,96 Well Microplate,92,D12,2,25
459,A,SetupPlate1,1,1,3,96 Well Microplate,15,G2,2,,459,D,Output1,2,2,3,96 Well Microplate,92,D12,2,25
460,A,SetupPlate1,1,1,3,96 Well Microplate,19,C3,2,,460,D,Output1,2,2,3,96 Well Microplate,92,D12,2,25
461,A,SetupPlate1,1,1,3,96 Well Microplate,23,G3,2,,461,D,Output1,2,2,3,96 Well Microplate,93,E12,2,25
462,A,SetupPlate1,1,1,3,96 Well Microplate,6,F1,2,,462,D,Output1,2,2,3,96 Well Microplate,93,E12,2,25
463,A,SetupPlate1,1,1,3,96 Well Microplate,11,C2,2,,463,D,Output1,2,2,3,96 Well Microplate,93,E12,2,25
464,A,SetupPlate1,1,1,3,96 Well Microplate,12,D2,2,,464,D,Output1,2,2,3,96 Well Microplate,93,E12,2,25
465,A,SetupPlate1,1,1,3,96 Well Microplate,19,C3,2,,465,D,Output1,2,2,3,96 Well Microplate,93,E12,2,25
466,A,SetupPlate1,1,1,3,96 Well Microplate,23,G3,2,,466,D,Output1,2,2,3,96 Well Microplate,94,F12,2,25
467,A,SetupPlate1,1,1,3,96 Well Microplate,6,F1,2,,467,D,Output1,2,2,3,96 Well Microplate,94,F12,2,25
468,A,SetupPlate1,1,1,3,96 Well Microplate,11,C2,2,,468,D,Output1,2,2,3,96 Well Microplate,94,F12,2,25
469,A,SetupPlate1,1,1,3,96 Well Microplate,13,E2,2,,469,D,Output1,2,2,3,96 Well Microplate,94,F12,2,25
470,A,SetupPlate1,1,1,3,96 Well Microplate,19,C3,2,,470,D,Output1,2,2,3,96 Well Microplate,94,F12,2,25
471,A,SetupPlate1,1,1,3,96 Well Microplate,23,G3,2,,471,D,Output1,2,2,3,96 Well Microplate,95,G12,2,25
472,A,SetupPlate1,1,1,3,96 Well Microplate,6,F1,2,,472,D,Output1,2,2,3,96 Well Microplate,95,G12,2,25
473,A,SetupPlate1,1,1,3,96 Well Microplate,11,C2,2,,473,D,Output1,2,2,3,96 Well Microplate,95,G12,2,25
474,A,SetupPlate1,1,1,3,96 Well Microplate,14,F2,2,,474,D,Output1,2,2,3,96 Well Microplate,95,G12,2,25
475,A,SetupPlate1,1,1,3,96 Well Microplate,19,C3,2,,475,D,Output1,2,2,3,96 Well Microplate,95,G12,2,25
476,A,SetupPlate1,1,1,3,96 Well Microplate,23,G3,2,,476,D,Output1,2,2,3,96 Well Microplate,96,H12,2,25
477,A,SetupPlate1,1,1,3,96 Well Microplate,6,F1,2,,477,D,Output1,2,2,3,96 Well Microplate,96,H12,2,25
478,A,SetupPlate1,1,1,3,96 Well Microplate,11,C2,2,,478,D,Output1,2,2,3,96 Well Microplate,96,H12,2,25
479,A,SetupPlate1,1,1,3,96 Well Microplate,15,G2,2,,479,D,Output1,2,2,3,96 Well Microplate,96,H12,2,25
480,A,SetupPlate1,1,1,3,96 Well Microplate,19,C3,2,,480,D,Output1,2,2,3,96 Well Microplate,96,H12,2,25